Redirect from,Redirect to
/beyond-the-game,/pages/beyond-the-game
/brands/daily-faceoff,/pages/daily-faceoff
/brands/hockey-fights,/pages/hockey-fights
/brands/the-nations,/pages/the-nations
/partner-with-us,/pages/partner-with-us
/work-with-us,/pages/work-with-us
/brands/work-with-us,/pages/work-with-us
/work-with-us/creator,/pages/contact
/work-with-us/inquiry,/pages/contact
/work-with-us/thank-you,/pages/work-with-us
/case-studies,/pages/partner-with-us
/case-studies/bet365,/pages/partner-with-us
/case-studies/mcleod-law,/pages/partner-with-us
/case-studies/telus,/pages/partner-with-us
/case-studies/wendys,/pages/partner-with-us
/brands/case-studies,/pages/partner-with-us
/our-team,/
/brands/our-team,/
/socials,/
/press-releases,/blogs/news
/press-releases/2024-25-nation-network-hockey-programming,/blogs/news/2024-25-nation-network-hockey-programming
/press-releases/raptors-republic-has-joined-the-nation-network,/blogs/news/raptors-republic-has-joined-the-nation-network
